{"text": " **Music\u738b\u738b\u738b\u738b\u738b\u738b\u738b\u738b\u738b\u738b\u738b\u738b\u738b\u738b\u738b\u738b\u738b\u738b\u738b\u738b\u738b\u738b\u738b\u738b~~", "segments": [{"id": 0, "seek": 0, "start": 0.0, "end": 5.08, "text": " **Music\u738b\u738b\u738b\u738b\u738b\u738b\u738b\u738b\u738b\u738b\u738b\u738b\u738b\u738b\u738b\u738b\u738b\u738b\u738b\u738b\u738b\u738b\u738b\u738b~~", "tokens": [50364, 22723, 8710, 19940, 19940, 19940, 19940, 19940, 19940, 19940, 19940, 19940, 19940, 19940, 19940, 19940, 19940, 19940, 19940, 19940, 19940, 19940, 19940, 19940, 19940, 19940, 19940, 5990, 50618], "temperature": 1.0, "avg_logprob": -1.1439198811848958, "compression_ratio": 3.6818181818181817, "no_speech_prob": 0.4754296541213989}], "language": "en"}